order_id,customer_id,amount,order_dt,status
O0001,C041,1116.2,2025-05-06,COMPLETED
O0002,C044,824.87,2025-10-30,COMPLETED
O0003,C006,765.45,2025-01-14,REFUNDED
O0004,C027,890.06,2025/01/04,COMPLETED
O0005,C045,427.64,20250421,COMPLETED
O0006,C007,158.62,2025-06-26,COMPLETED
O0007,C047,200.37,2025-07-13,COMPLETED
O0008,C041,1294.63,2025-10-23,COMPLETED
O0009,C003,1163.01,20250210,COMPLETED
O0010,C025,958.99,2025-07-06,COMPLETED
O0011,C014,1057.2,2025-12-16,REFUNDED
O0012,C041,1097.75,2025-03-25,COMPLETED
O0013,C041,341.13,2025/06/16,COMPLETED
O0014,C015,1210.49,2025-07-25,COMPLETED
O0015,C037,482.3,2025-12-02,PENDING
O0016,C010,381.24,2025-10-15,REFUNDED
O0017,C028,608.11,20250423,COMPLETED
O0018,C033,1137.34,2025-02-26,COMPLETED
O0019,C999,900.67,2025-07-17,PENDING
O0020,C034,836.54,2025-01-06,COMPLETED
O0021,C044,1130.05,2025-11-25,COMPLETED
O0022,C028,19.82,20250515,COMPLETED
O0023,C033,1307.72,2025/06/02,REFUNDED
O0024,C039,570.26,2025-03-24,REFUNDED
O0025,C001,740.58,20250227,COMPLETED
O0026,C016,1318.84,2025-02-10,PENDING
O0027,C005,806.07,2025-03-06,PENDING
O0028,C036,798.6,2025-11-07,COMPLETED
O0029,C035,1039.45,2025-06-09,COMPLETED
O0030,C029,685.46,2025-05-07,COMPLETED
O0031,C002,356.72,2025-04-23,COMPLETED
O0032,C015,61.65,2025-06-19,COMPLETED
O0033,C018,333.14,2025/03/09,REFUNDED
O0034,C037,1180.16,2025-07-28,COMPLETED
O0035,C043,644.01,20250828,COMPLETED
O0036,C044,974.58,2025-02-01,COMPLETED
O0037,C007,297.46,2025-08-18,COMPLETED
O0038,C018,1313.61,2025-02-08,REFUNDED
O0039,C007,1498.93,20250108,COMPLETED
O0040,C011,729.82,20250725,COMPLETED
O0041,C025,-125.82,2025-08-21,REFUNDED
O0042,C043,244.87,2025-06-01,COMPLETED
O0043,C038,105.52,2025-06-10,REFUNDED
O0044,C031,1281.29,2025-03-22,REFUNDED
O0045,C006,116.75,2025-02-04,COMPLETED
O0046,C026,1337.08,2025-05-07,COMPLETED
O0047,C040,991.2,2025-10-17,COMPLETED
O0048,C014,481.56,2025-05-16,COMPLETED
O0049,C030,1131.52,2025-02-07,REFUNDED
O0050,C037,123.79,2025-04-20,COMPLETED
O0051,C023,1320.72,2025-07-09,PENDING
O0052,C035,923.34,2025-12-01,REFUNDED
O0053,C020,168.83,2025-03-10,COMPLETED
O0054,C048,419.44,2025-11-06,COMPLETED
O0055,C014,1281.58,2025-09-16,COMPLETED
O0056,C006,1246.58,2025-01-23,COMPLETED
O0057,C041,254.95,2025-08-15,PENDING
O0058,C036,-185.7,20251220,REFUNDED
O0059,C003,880.03,2025-03-17,COMPLETED
O0060,C020,1400.64,20250121,COMPLETED
O0061,C044,167.65,20251014,PENDING
O0062,C040,1389.76,20250502,COMPLETED
O0063,C027,-60.05,2025/06/20,PENDING
O0064,C043,1218.96,2025-05-17,COMPLETED
O0065,C025,1290.01,2025-04-24,PENDING
O0066,C023,1196.09,2025-04-27,COMPLETED
O0067,C026,1298.56,2025-05-23,REFUNDED
O0068,C026,1267.84,20250619,COMPLETED
O0069,C017,1444.36,2025-05-16,REFUNDED
O0070,C028,1182.85,2025-08-12,REFUNDED
O0071,C008,871.23,2025-05-11,PENDING
O0072,C001,1212.67,2025/12/18,COMPLETED
O0073,C024,1424.08,2025-06-19,COMPLETED
O0074,C047,768.08,2025-12-08,PENDING
O0075,C045,204.02,2025-08-04,PENDING
O0076,C044,273.43,2025-10-19,REFUNDED
O0077,C001,327.12,2025-10-24,COMPLETED
O0078,C030,1018.31,2025-09-19,COMPLETED
O0079,C043,780.45,2025-11-21,COMPLETED
O0080,C999,475.97,2025-04-12,COMPLETED
O0081,C016,922.74,2025-02-07,REFUNDED
O0082,C013,585.21,2025-07-24,COMPLETED
O0083,C999,1329.92,2025-08-06,REFUNDED
O0084,C030,385.06,2025-03-04,PENDING
O0085,C043,845,20250612,PENDING
O0086,C040,1339.65,2025/08/07,REFUNDED
O0087,C029,1119.33,2025-09-01,COMPLETED
O0088,C041,1169.85,2025-09-06,COMPLETED
O0089,C029,439.31,2025-05-20,REFUNDED
O0090,C006,358.42,2025-12-22,COMPLETED
O0091,C005,506.36,2025-08-27,COMPLETED
O0092,C027,1158.15,2025-12-23,REFUNDED
O0093,C025,1414.97,2025/06/02,PENDING
O0094,C035,826.01,20251105,PENDING
O0095,C015,736.18,2025-07-19,PENDING
O0096,C047,709.07,20250307,REFUNDED
O0097,C002,893.96,2025-12-06,PENDING
O0098,C009,284.87,2025-05-14,COMPLETED
O0099,C030,1145.43,2025-07-14,PENDING
O0100,C017,713.41,2025-10-04,COMPLETED
O0101,C015,1175.13,2025-11-30,COMPLETED
O0102,C016,45.26,2025-03-20,PENDING
O0103,C043,1422.42,2025-08-27,COMPLETED
O0104,C011,1446.15,2025/02/28,COMPLETED
O0105,C020,53.13,2025-06-09,PENDING
O0106,C026,309.52,2025-10-31,COMPLETED
O0107,C007,462.85,2025-12-17,COMPLETED
O0108,C999,1177.21,2025-06-27,COMPLETED
O0109,C005,521.73,2025/08/04,COMPLETED
O0110,C028,958.84,2025/08/24,PENDING
O0111,C012,1448.73,2025-05-19,REFUNDED
O0112,C999,661.83,2025-10-31,COMPLETED
O0113,C006,684.44,2025-08-26,PENDING
O0114,C022,-38.32,2025-04-04,COMPLETED
O0115,C017,1322.28,20251226,REFUNDED
O0116,C001,298.72,2025/05/04,PENDING
O0117,C036,1040.55,2025/11/27,PENDING
O0118,C999,-144.1,2025-07-27,COMPLETED
O0119,C043,717.79,2025-09-29,REFUNDED
O0120,C022,688.81,2025-06-06,COMPLETED
O0121,C047,192.54,20251002,COMPLETED
O0122,C013,734.03,20251029,REFUNDED
O0123,C039,164.28,2025-04-10,COMPLETED
O0124,C012,1066.41,2025-03-06,COMPLETED
O0125,C036,1416.97,20251123,PENDING
O0126,C007,867.49,2025-08-29,COMPLETED
O0127,C012,389.93,2025-09-02,COMPLETED
O0128,C026,871.88,2025-12-18,COMPLETED
O0129,C037,141.49,2025-05-08,PENDING
O0130,C039,933.35,2025-09-25,PENDING
O0131,C020,1485.2,2025-06-06,COMPLETED
O0132,C040,162.36,2025-04-17,COMPLETED
O0133,C043,371.2,2025-10-10,COMPLETED
O0134,C027,896.81,2025-05-30,COMPLETED
O0135,C046,1291.52,2025-02-06,COMPLETED
O0136,C999,890.84,2025-04-12,REFUNDED
O0137,C015,1363.99,2025-03-14,COMPLETED
O0138,C999,1127.2,20251019,PENDING
O0139,C008,466.58,20250726,REFUNDED
O0140,C035,134.46,20250121,COMPLETED
O0141,C039,150.62,2025/12/12,REFUNDED
O0142,C038,1499.37,2025/12/11,REFUNDED
O0143,C003,275.16,2025-09-23,COMPLETED
O0144,C012,662.29,20250909,PENDING
O0145,C023,491.77,20250223,COMPLETED
O0146,C027,443,2025/07/25,REFUNDED
O0147,C003,482.06,2025-06-15,PENDING
O0148,C033,16.71,2025-10-05,COMPLETED
O0149,C013,939.61,2025-09-13,COMPLETED
O0150,C014,209.55,2025-05-28,PENDING
O0151,C008,-80.3,2025/05/03,COMPLETED
O0152,C036,-122.48,20250426,COMPLETED
O0153,C030,976.85,2025-03-20,COMPLETED
O0154,C033,632,20250905,COMPLETED
O0155,C030,584.63,2025-11-03,COMPLETED
O0156,C005,1188.16,2025-08-01,REFUNDED
O0157,C018,435.02,2025/06/02,REFUNDED
O0158,C043,235.66,2025-10-03,COMPLETED
O0159,C036,575.16,20250614,COMPLETED
O0160,C037,1286.18,2025-07-30,PENDING
O0161,C046,581.13,2025/12/06,COMPLETED
O0162,C032,202.48,2025-10-30,COMPLETED
O0163,C029,1367.01,2025/01/08,PENDING
O0164,C042,126.12,2025-05-16,PENDING
O0165,C042,502.92,20251212,PENDING
O0166,C021,1332.85,20250907,COMPLETED
O0167,C040,952.27,20250528,COMPLETED
O0168,C028,1144.15,20251227,PENDING
O0169,C011,1356.58,2025-01-24,COMPLETED
O0170,C019,654.57,2025-05-06,REFUNDED
O0171,C044,267.43,2025-02-10,PENDING
O0172,C040,754.04,2025-10-26,PENDING
O0173,C041,394.16,20250105,PENDING
O0174,C019,249.59,20250815,REFUNDED
O0175,C020,645.1,2025-05-09,COMPLETED
O0176,C013,1282.2,2025-02-24,REFUNDED
O0177,C023,1489.15,2025-06-01,PENDING
O0178,C018,-35.64,20250126,PENDING
O0179,C019,356.73,2025-06-30,COMPLETED
O0180,C040,1137.03,2025-12-04,COMPLETED
O0181,C041,946.78,2025-01-21,PENDING
O0182,C003,1102.55,20250216,COMPLETED
O0183,C048,313.18,20251004,COMPLETED
O0184,C034,419.7,2025-03-26,PENDING
O0185,C019,517.99,2025-02-28,COMPLETED
O0186,C010,350.04,2025/12/13,PENDING
O0187,C036,1189.16,2025-01-08,COMPLETED
O0188,C030,1127.28,2025-05-15,COMPLETED
O0189,C007,715.14,20251114,REFUNDED
O0190,C021,343.73,2025-02-02,PENDING
O0191,C045,621.32,2025-03-13,COMPLETED
O0192,C020,187.44,20250501,COMPLETED
O0193,C025,1010.67,20251223,PENDING
O0194,C038,244.47,2025-08-01,PENDING
O0195,C040,1428.01,2025-01-17,COMPLETED
O0196,C029,365.63,2025-07-05,COMPLETED
O0197,C035,972.57,2025-02-01,COMPLETED
O0198,C008,1238.92,2025-02-16,REFUNDED
O0199,C002,510.26,2025/03/06,COMPLETED
O0200,C005,838,2025-10-28,COMPLETED
O0201,C022,1186.14,2025-11-02,COMPLETED
O0202,C009,1200.79,2025-02-26,COMPLETED
O0203,C009,-49.9,2025-05-02,COMPLETED
O0204,C012,203.24,2025-08-04,COMPLETED
O0205,C031,552.63,2025-10-31,REFUNDED
O0206,C015,79.4,2025-12-04,PENDING
O0207,C042,105.33,2025/09/03,PENDING
O0208,C044,1072.92,2025-08-16,COMPLETED
O0209,C021,112.54,2025-05-21,REFUNDED
O0210,C036,580.64,2025-11-02,PENDING
O0211,C033,162.28,2025-12-26,REFUNDED
O0212,C047,653.65,2025-04-27,PENDING
O0213,C026,156.2,2025-08-07,COMPLETED
O0214,C024,1034.93,2025-08-31,COMPLETED
O0215,C006,1120.71,2025/07/10,REFUNDED
O0216,C004,848.96,2025-06-18,PENDING
O0217,C023,1412.58,20250805,COMPLETED
O0218,C019,537.19,2025-10-23,COMPLETED
O0219,C043,1273.2,2025/06/29,COMPLETED
O0220,C008,867.54,2025/08/08,REFUNDED
O0221,C040,841.76,20251108,COMPLETED
O0222,C002,1058.51,20250608,COMPLETED
O0223,C001,227.73,2025-12-03,COMPLETED
O0224,C048,60.53,2025-09-29,PENDING
O0225,C030,564.53,2025/06/16,REFUNDED
O0226,C039,93.12,2025/03/22,COMPLETED
O0227,C044,673.02,2025-08-06,PENDING
O0228,C027,1136.09,2025-02-28,COMPLETED
O0229,C019,895.8,2025-09-27,COMPLETED
O0230,C015,905,2025-01-04,COMPLETED
O0231,C999,394.45,2025-06-17,PENDING
O0232,C048,206.84,2025/09/30,REFUNDED
O0233,C036,1212.21,2025-02-06,COMPLETED
O0234,C028,-24.98,2025-06-10,REFUNDED
O0235,C026,635.28,2025-02-28,COMPLETED
O0236,C011,932.92,20251220,COMPLETED
O0237,C028,376.32,2025-10-29,COMPLETED
O0238,C026,1122.52,2025-04-24,COMPLETED
O0239,C005,184.33,2025-09-19,COMPLETED
O0240,C023,1231.14,2025-03-17,COMPLETED
O0241,C017,909.56,2025-12-02,PENDING
O0242,C030,1143.42,2025-08-18,REFUNDED
O0243,C042,942.41,2025-11-18,PENDING
O0244,C005,952.61,2025-05-21,COMPLETED
O0245,C033,700.69,2025-01-20,COMPLETED
O0246,C005,1466.39,2025-02-16,REFUNDED
O0247,C025,838.16,2025-01-22,REFUNDED
O0248,C042,913.43,2025-09-14,COMPLETED
O0249,C029,1350.2,20250625,COMPLETED
O0250,C033,73.13,2025-12-29,PENDING
O0251,C034,250.74,20250710,PENDING
O0252,C027,1023.16,2025/01/27,COMPLETED
O0253,C005,843.58,2025-07-17,REFUNDED
O0254,C010,880.37,20250314,COMPLETED
O0255,C042,597.06,2025/11/01,COMPLETED
O0256,C020,970.59,2025/06/18,REFUNDED
O0257,C006,643.76,2025-07-05,COMPLETED
O0258,C012,522.47,2025-09-06,COMPLETED
O0259,C010,1268.98,2025-02-21,REFUNDED
O0260,C048,71.06,20250622,REFUNDED
O0261,C009,244.07,2025/04/03,REFUNDED
O0262,C011,79.88,2025-07-06,COMPLETED
O0263,C029,1132.3,2025-08-18,COMPLETED
O0264,C020,1179.79,2025-04-10,REFUNDED
O0265,C029,433.43,2025-07-15,PENDING
O0266,C011,1204.87,20250312,COMPLETED
O0267,C042,566.25,2025/02/22,REFUNDED
O0268,C008,1148.23,2025-05-20,REFUNDED
O0269,C010,151.19,2025/04/24,COMPLETED
O0270,C002,603.73,2025-07-11,COMPLETED
O0271,C024,488.25,2025/02/20,COMPLETED
O0272,C999,71.88,2025-08-30,COMPLETED
O0273,C999,681.17,20250103,COMPLETED
O0274,C017,237.04,2025-11-08,COMPLETED
O0275,C999,462.21,2025-01-25,REFUNDED
O0276,C030,1257.48,2025-09-13,COMPLETED
O0277,C041,374.28,2025-03-15,COMPLETED
O0278,C040,862.44,2025-04-06,COMPLETED
O0279,C034,115.5,2025-09-27,REFUNDED
O0280,C036,-34.07,2025-01-23,COMPLETED
O0281,C017,545.28,2025-02-04,COMPLETED
O0282,C999,1138.67,2025-03-10,REFUNDED
O0283,C022,275.01,2025-12-17,PENDING
O0284,C041,215.26,2025-08-23,COMPLETED
O0285,C003,1330.4,20250611,REFUNDED
O0286,C026,821.4,2025-05-10,COMPLETED
O0287,C019,1174.55,2025-12-02,COMPLETED
O0288,C024,609.03,20250814,PENDING
O0289,C022,751.86,2025-09-12,REFUNDED
O0290,C018,1094.72,2025-02-10,COMPLETED
O0291,C035,167.36,2025-06-17,COMPLETED
O0292,C029,647.78,2025-12-20,PENDING
O0293,C003,1368.74,20251111,COMPLETED
O0294,C041,1422.64,2025-02-08,PENDING
O0295,C024,1128.6,20250323,COMPLETED
O0296,C039,665.69,2025-03-06,COMPLETED
O0297,C024,857.36,2025-11-06,PENDING
O0298,C024,1148.18,2025-10-21,COMPLETED
O0299,C026,428.85,2025-02-28,COMPLETED
O0300,C032,1371.61,2025-03-02,COMPLETED
O0301,C046,1494.6,2025-05-27,PENDING
O0302,C013,1281.45,2025-08-20,PENDING
O0303,C006,1451.83,2025-06-13,COMPLETED
O0304,C036,1338.63,2025/03/22,COMPLETED
O0305,C999,348,2025/04/13,COMPLETED
O0306,C999,550.93,2025-10-21,REFUNDED
O0307,C009,143.03,2025-06-08,PENDING
O0308,C034,623.01,2025-10-22,COMPLETED
O0309,C042,706.76,2025-09-22,REFUNDED
O0310,C041,1155.16,2025-03-08,COMPLETED
O0311,C008,466.62,2025-03-24,COMPLETED
O0312,C023,785.56,2025/05/26,COMPLETED
O0313,C013,833,2025-03-06,REFUNDED
O0314,C035,966.87,20251031,COMPLETED
O0315,C011,1085.14,2025-11-06,REFUNDED
O0316,C003,57.13,20250124,REFUNDED
O0317,C017,1153.93,2025-08-02,COMPLETED
O0318,C032,825.18,20251125,PENDING
O0319,C016,1032.21,2025-06-02,COMPLETED
O0320,C011,734.11,2025-04-15,COMPLETED
O0321,C021,489.18,20250626,COMPLETED
O0322,C999,849.05,2025-06-13,COMPLETED
O0323,C018,224.2,2025-01-26,PENDING
O0324,C040,1444.59,2025/03/23,REFUNDED
O0325,C047,1148.24,20250913,PENDING
O0326,C032,753.59,20250216,REFUNDED
O0327,C030,334.49,2025-06-30,COMPLETED
O0328,C032,1266.63,2025-12-11,REFUNDED
O0329,C001,654.93,2025/05/16,PENDING
O0330,C024,0,2025-01-27,COMPLETED
O0331,C024,124.19,2025-09-16,REFUNDED
O0332,C018,940.51,2025-11-09,COMPLETED
O0333,C026,1480.38,20251013,COMPLETED
O0334,C013,611.06,2025-01-21,COMPLETED
O0335,C046,718.51,2025-08-22,REFUNDED
O0336,C009,925.41,2025-03-25,REFUNDED
O0337,C048,896.68,2025/09/17,REFUNDED
O0338,C032,460.19,2025-01-09,COMPLETED
O0339,C027,1198.18,2025-12-19,REFUNDED
O0340,C031,988.55,2025-10-24,COMPLETED
O0341,C038,793.49,2025/11/14,PENDING
O0342,C010,374.66,20251021,COMPLETED
O0343,C013,-140.4,2025-03-19,COMPLETED
O0344,C027,923.04,20250830,COMPLETED
O0345,C046,322.9,20250616,PENDING
O0346,C034,1435.68,20250824,COMPLETED
O0347,C035,1161.4,2025-12-15,COMPLETED
O0348,C040,1436.65,2025-05-23,COMPLETED
O0349,C020,1061.78,2025/12/20,COMPLETED
O0350,C031,1401.55,2025-05-21,REFUNDED
O0351,C044,1345.2,2025/07/22,COMPLETED
O0352,C019,0,2025-02-10,PENDING
O0353,C042,726.43,2025/04/14,COMPLETED
O0354,C036,218.85,2025/11/12,COMPLETED
O0355,C016,1359.2,2025-04-26,COMPLETED
O0356,C007,1080.28,2025-02-21,COMPLETED
O0357,C001,1467.2,2025-03-22,PENDING
O0358,C031,1137.53,2025-05-28,COMPLETED
O0359,C999,867.59,2025/10/01,COMPLETED
O0360,C012,1258.84,20250119,PENDING
O0361,C999,1405.86,20250529,COMPLETED
O0362,C020,174.34,2025-06-21,REFUNDED
O0363,C034,1408.76,2025-09-16,COMPLETED
O0364,C008,1100.71,2025-11-28,COMPLETED
O0365,C001,1189.29,2025-10-18,COMPLETED
O0366,C012,963.51,2025/07/27,REFUNDED
O0367,C021,1008.84,20250405,PENDING
O0368,C021,25.14,2025-07-16,COMPLETED
O0369,C022,1088.48,2025-01-06,COMPLETED
O0370,C045,1006.66,2025-08-27,PENDING
O0371,C044,1344.25,2025/12/27,COMPLETED
O0372,C041,453.13,2025-11-11,COMPLETED
O0373,C031,1125.39,2025-11-07,REFUNDED
O0374,C031,1205.96,2025/04/22,REFUNDED
O0375,C999,678.42,2025-12-27,REFUNDED
O0376,C008,828.26,2025-09-16,REFUNDED
O0377,C010,1283.91,2025-08-15,COMPLETED
O0378,C046,150.05,2025-09-19,COMPLETED
O0379,C030,631.91,2025-10-16,PENDING
O0380,C044,1089.07,2025-07-22,COMPLETED
O0381,C048,123.45,2025-08-05,COMPLETED
O0382,C035,1402.86,20250205,PENDING
O0383,C003,282.27,2025/03/11,PENDING
O0384,C024,582.98,2025-07-13,REFUNDED
O0385,C009,531.44,20250402,PENDING
O0386,C034,1468.41,2025/01/02,COMPLETED
O0387,C030,823.5,2025-09-30,COMPLETED
O0388,C016,245.36,20250407,COMPLETED
O0389,C003,637.57,2025-01-09,COMPLETED
O0390,C007,677.96,2025/12/11,COMPLETED
O0391,C016,612.36,2025-04-30,COMPLETED
O0392,C009,444.56,2025-10-22,REFUNDED
O0393,C999,491.19,20250604,REFUNDED
O0394,C015,423.6,20251013,COMPLETED
O0395,C041,840.44,20250125,PENDING
O0396,C999,1049.02,2025-07-29,PENDING
O0397,C012,718.18,2025-04-26,COMPLETED
O0398,C030,850.14,2025-08-02,COMPLETED
O0399,C025,316.96,2025-11-28,PENDING
O0400,C024,1091.01,2025-04-08,PENDING
O0401,C044,73.73,2025-02-07,REFUNDED
O0402,C047,337.27,20250417,COMPLETED
O0403,C020,37.77,20250408,COMPLETED
O0404,C048,726.2,2025-05-05,COMPLETED
O0405,C026,834.84,2025-05-25,REFUNDED
O0406,C042,403.42,20250920,PENDING
O0407,C007,1087.78,20250613,COMPLETED
O0408,C021,850.35,2025/04/24,COMPLETED
O0409,C017,882.29,2025-08-02,COMPLETED
O0410,C022,861.14,2025-05-06,COMPLETED
O0411,C017,740.6,2025/11/25,PENDING
O0412,C011,537.98,2025/03/13,PENDING
O0413,C012,820.07,20251125,REFUNDED
O0414,C003,125.38,2025-12-09,COMPLETED
O0415,C027,951.59,2025/02/04,COMPLETED
O0416,C014,569.2,2025-11-13,REFUNDED
O0417,C031,38.36,2025-09-30,COMPLETED
O0418,C002,422.99,2025-05-27,PENDING
O0419,C012,158.03,2025-03-18,REFUNDED
O0420,C034,541.35,2025-07-23,PENDING
O0421,C030,1485.5,2025-04-26,COMPLETED
O0422,C042,980.09,2025-01-17,PENDING
O0423,C025,98.33,2025/01/05,COMPLETED
O0424,C032,972.69,2025-06-19,COMPLETED
O0425,C034,356.2,20251221,PENDING
O0426,C018,0,2025-02-08,COMPLETED
O0427,C035,63.86,2025-06-11,COMPLETED
O0428,C038,1233.73,20250723,COMPLETED
O0429,C011,856.54,2025-07-19,REFUNDED
O0430,C022,1113.52,2025/12/19,REFUNDED
O0431,C048,94.74,2025-08-12,COMPLETED
O0432,C022,926.59,2025-11-01,COMPLETED
O0433,C002,1178.57,2025-08-19,COMPLETED
O0434,C036,656.29,2025-12-15,PENDING
O0435,C006,453.64,2025/05/07,COMPLETED
O0436,C018,1071.84,2025-11-21,PENDING
O0437,C021,150.91,2025-06-07,COMPLETED
O0438,C007,293.28,2025-08-18,REFUNDED
O0439,C027,148.08,2025-10-11,REFUNDED
O0440,C999,587.08,2025-05-30,COMPLETED
O0441,C047,1359.23,2025-05-05,COMPLETED
O0442,C044,221.18,2025-06-04,COMPLETED
O0443,C005,424.8,2025-06-03,COMPLETED
O0444,C024,381.19,2025-11-17,REFUNDED
O0445,C013,216.2,20250104,COMPLETED
O0446,C040,1295.36,2025-08-14,REFUNDED
O0447,C009,910.77,2025-12-22,COMPLETED
O0448,C012,1453.56,2025/05/30,PENDING
O0449,C037,498.94,2025/05/24,PENDING
O0450,C024,852.32,20251031,COMPLETED
O0451,C044,54.97,20250825,COMPLETED
O0452,C029,1249.45,2025/02/05,PENDING
O0453,C044,955.5,2025-05-04,COMPLETED
O0454,C046,574.83,20250818,PENDING
O0455,C038,767.32,2025-12-21,COMPLETED
O0456,C999,1056.93,2025-10-02,COMPLETED
O0457,C007,991.54,2025-07-01,REFUNDED
O0458,C003,972.87,2025-11-28,COMPLETED
O0459,C999,30.66,2025-05-13,REFUNDED
O0460,C036,869.22,2025-08-17,PENDING
O0461,C999,1040.3,2025-03-19,COMPLETED
O0462,C031,632.72,2025-02-13,COMPLETED
O0463,C023,691.17,2025-04-16,COMPLETED
O0464,C031,1087.16,2025-08-20,COMPLETED
O0465,C003,185.9,2025-06-25,COMPLETED
O0466,C048,274.06,2025-03-23,PENDING
O0467,C030,616.5,2025-04-05,PENDING
O0468,C026,-83.32,2025-04-12,PENDING
O0469,C025,-159.19,2025/05/23,COMPLETED
O0470,C037,1309.89,2025-04-06,COMPLETED
O0471,C030,1010.99,2025-09-08,COMPLETED
O0472,C039,597.93,2025-02-28,PENDING
O0473,C040,1015.28,20250602,REFUNDED
O0474,C006,480.08,2025-05-03,COMPLETED
O0475,C024,773.57,2025-08-03,REFUNDED
O0476,C025,737.71,2025-10-03,COMPLETED
O0477,C036,443.92,2025-04-06,PENDING
O0478,C040,548.17,2025-01-05,COMPLETED
O0479,C025,765.58,2025-09-11,PENDING
O0480,C027,674.12,2025-03-27,COMPLETED
O0481,C999,448.75,2025-05-21,COMPLETED
O0482,C011,854.99,2025-09-11,COMPLETED
O0483,C037,1166.04,2025-07-07,COMPLETED
O0484,C999,826.33,2025-08-06,COMPLETED
O0485,C020,62.86,2025-05-15,COMPLETED
O0486,C029,189.32,2025-05-02,REFUNDED
O0487,C045,1070.47,2025-11-20,REFUNDED
O0488,C009,1223.09,2025-01-31,REFUNDED
O0489,C018,265.04,2025-12-27,REFUNDED
O0490,C018,778.91,2025/12/14,COMPLETED
O0491,C999,1379.37,20250522,COMPLETED
O0492,C045,385.77,2025-12-31,COMPLETED
O0493,C999,598.16,2025-03-14,COMPLETED
O0494,C041,686.21,2025/11/21,COMPLETED
O0495,C026,428.17,2025-07-08,PENDING
O0496,C021,1305.33,2025/02/17,PENDING
O0497,C041,546.96,2025/02/02,PENDING
O0498,C014,1239.9,2025-09-11,COMPLETED
O0499,C022,208.93,2025/09/06,COMPLETED
O0500,C003,1179.08,2025-08-24,COMPLETED
O0501,C029,1487.88,2025-08-08,COMPLETED
O0502,C042,1313.52,2025-05-21,COMPLETED
O0503,C017,1001.8,2025-11-29,PENDING
O0504,C041,1053.67,2025-04-30,COMPLETED
O0505,C046,331.93,2025-02-09,COMPLETED
O0506,C034,28.79,2025-12-23,COMPLETED
O0507,C028,724.38,2025-04-28,COMPLETED
O0508,C007,1323.27,2025-03-12,COMPLETED
O0509,C042,227.14,2025-09-29,REFUNDED
O0510,C042,536.51,2025-04-20,COMPLETED
O0511,C027,671.94,2025-04-22,COMPLETED
O0512,C009,890.52,2025-07-16,PENDING
O0513,C021,382.96,2025-11-27,REFUNDED
O0514,C039,917.28,2025-12-20,COMPLETED
O0515,C014,771.64,2025-07-20,COMPLETED
O0516,C999,1432.69,2025-09-11,COMPLETED
O0517,C032,120.45,20250107,COMPLETED
O0518,C009,1260.88,2025-08-04,COMPLETED
O0519,C999,1481.24,2025-02-07,COMPLETED
O0520,C001,74.14,20250131,PENDING
O0521,C033,1073.25,2025-08-01,PENDING
O0522,C006,813.42,2025-03-20,COMPLETED
O0523,C006,316.75,2025-03-21,PENDING
O0524,C038,1254.27,2025-12-15,COMPLETED
O0525,C045,1430.84,2025-05-03,COMPLETED
O0526,C028,924.26,2025-01-29,COMPLETED
O0527,C008,-173.93,2025-01-06,COMPLETED
O0528,C034,1236.42,2025-05-13,COMPLETED
O0529,C048,414.12,2025/03/02,COMPLETED
O0530,C022,418.89,2025-02-02,REFUNDED
O0531,C041,690.97,2025-07-04,REFUNDED
O0532,C011,393.85,20250222,COMPLETED
O0533,C015,18.81,2025-01-07,PENDING
O0534,C024,237.88,2025-01-19,PENDING
O0535,C015,633.14,2025-06-13,COMPLETED
O0536,C037,760.53,2025-01-27,REFUNDED
O0537,C003,117.36,20250827,COMPLETED
O0538,C021,693.27,2025-07-08,REFUNDED
O0539,C999,939.74,2025-08-26,PENDING
O0540,C999,1102.71,2025/10/07,COMPLETED
O0541,C010,-122.09,2025-04-30,COMPLETED
O0542,C022,-75.11,2025-06-07,REFUNDED
O0543,C016,1442.36,2025/03/14,COMPLETED
O0544,C003,1347.47,2025-09-24,COMPLETED
O0545,C030,141.08,2025-02-18,PENDING
O0546,C005,107.49,20251206,COMPLETED
O0547,C019,482.79,2025/07/21,COMPLETED
O0548,C021,361.91,2025-04-14,REFUNDED
O0549,C007,259.1,2025-08-27,COMPLETED
O0550,C035,1158.95,2025-08-20,COMPLETED
O0551,C008,1214.28,2025/06/05,REFUNDED
O0552,C003,1287.01,2025-03-17,COMPLETED
O0553,C023,87.69,2025-06-03,COMPLETED
O0554,C002,1284.08,2025/10/12,COMPLETED
O0555,C007,1208.79,2025-03-13,COMPLETED
O0556,C999,209.11,2025-07-25,COMPLETED
O0557,C038,1377.38,2025-02-08,COMPLETED
O0558,C013,673.5,2025-03-07,COMPLETED
O0559,C008,0,2025-08-25,REFUNDED
O0560,C028,601.57,2025-01-16,PENDING
O0561,C012,1363.83,2025-05-21,COMPLETED
O0562,C003,931.21,2025-11-28,PENDING
O0563,C036,145.27,2025-07-16,COMPLETED
O0564,C042,795.83,20251119,REFUNDED
O0565,C999,-127.33,2025-07-03,PENDING
O0566,C023,761.05,2025-07-18,COMPLETED
O0567,C021,58.52,2025-05-24,PENDING
O0568,C034,882.22,20250430,COMPLETED
O0569,C016,410.79,2025/01/29,COMPLETED
O0570,C037,1199.13,20250701,COMPLETED
O0571,C012,487.24,2025-12-24,REFUNDED
O0572,C002,537.25,2025-10-18,REFUNDED
O0573,C013,1218.45,2025-09-10,COMPLETED
O0574,C032,0,2025-01-29,COMPLETED
O0575,C002,16.01,2025-11-11,COMPLETED
O0576,C022,1379.39,2025-06-15,COMPLETED
O0577,C038,225.35,2025/02/26,COMPLETED
O0578,C005,1413.76,2025-07-22,COMPLETED
O0579,C020,1464.15,2025/08/12,PENDING
O0580,C042,1065.17,2025-10-15,REFUNDED
O0581,C999,1003.31,2025-03-31,COMPLETED
O0582,C009,17.67,20251226,PENDING
O0583,C999,63.09,2025-11-05,REFUNDED
O0584,C015,169.6,2025-09-12,COMPLETED
O0585,C016,489.49,20251122,COMPLETED
O0586,C046,1097.99,2025-06-21,COMPLETED
O0587,C014,115.68,2025/05/12,COMPLETED
O0588,C004,1102.89,20250327,PENDING
O0589,C025,572.39,2025/09/03,REFUNDED
O0590,C042,349.99,2025-08-20,COMPLETED
O0591,C019,-150.39,2025-02-23,COMPLETED
O0592,C025,126.38,2025-02-17,REFUNDED
O0593,C031,655.52,2025-12-01,PENDING
O0594,C011,506.68,2025-04-08,REFUNDED
O0595,C047,817.09,2025-12-05,COMPLETED
O0596,C007,0,2025-10-20,PENDING
O0597,C010,20.67,2025-02-14,REFUNDED
O0598,C031,53.22,2025-03-29,COMPLETED
O0599,C031,472.9,2025-07-23,COMPLETED
O0600,C006,590.48,20250709,COMPLETED
O0601,C012,405.99,2025-08-27,COMPLETED
O0602,C037,1132.07,2025-12-08,COMPLETED
O0603,C035,1138.34,2025-04-27,PENDING
O0604,C034,810.24,2025-09-01,COMPLETED
O0605,C031,601.28,2025-01-18,REFUNDED
O0606,C037,936.11,20250303,PENDING
O0607,C012,263.24,2025/04/19,COMPLETED
O0608,C003,1482.6,2025-08-11,COMPLETED
O0609,C039,1367.54,2025-02-04,REFUNDED
O0610,C026,1287.09,2025-09-24,COMPLETED
O0611,C999,887.55,2025-08-03,COMPLETED
O0612,C010,880.28,20250221,REFUNDED
O0613,C999,439.85,20251002,PENDING
O0614,C017,736.09,2025-11-08,COMPLETED
O0615,C018,933.09,2025-12-15,COMPLETED
O0616,C026,507.27,2025-05-02,PENDING
O0617,C018,45.05,2025-06-05,PENDING
O0618,C045,1459.16,2025-04-27,PENDING
O0619,C999,415.09,2025-08-02,COMPLETED
O0620,C013,1371.45,2025/07/28,REFUNDED
O0621,C024,780.18,2025-03-23,REFUNDED
O0622,C026,1279.17,2025-10-19,COMPLETED
O0623,C013,385.49,2025-08-22,COMPLETED
O0624,C046,562,2025-08-26,COMPLETED
O0625,C044,0,2025-07-10,PENDING
O0626,C012,719.75,2025-10-10,COMPLETED
O0627,C017,1037.94,2025-05-26,COMPLETED
O0628,C011,1173.05,20250420,COMPLETED
O0629,C044,982.61,2025-09-20,COMPLETED
O0630,C031,976.35,2025/11/04,COMPLETED
O0631,C017,1415.36,20251231,COMPLETED
O0632,C028,1279.61,2025-08-24,PENDING
O0633,C020,1239.1,2025-07-23,COMPLETED
O0634,C033,1450.23,2025-07-11,REFUNDED
O0635,C039,1031.35,2025-09-04,COMPLETED
O0636,C041,426.17,2025/12/02,COMPLETED
O0637,C013,1151.73,2025/01/30,REFUNDED
O0638,C026,1025.92,2025-01-14,COMPLETED
O0639,C017,615.83,2025-01-19,REFUNDED
O0640,C013,1074.35,2025-12-18,PENDING
O0641,C043,460.79,2025/03/29,REFUNDED
O0642,C012,714.11,2025/05/13,REFUNDED
O0643,C999,1421.18,2025-06-21,COMPLETED
O0644,C023,1309.08,2025/08/04,COMPLETED
O0645,C024,451.67,2025-03-02,REFUNDED
O0646,C038,120.76,2025-04-10,PENDING
O0647,C034,95.28,2025-03-19,COMPLETED
O0648,C022,860.56,2025-08-23,COMPLETED
O0649,C999,508.95,2025-04-01,COMPLETED
O0650,C001,325.93,2025-03-28,COMPLETED
O0651,C032,1172.93,2025-03-08,PENDING
O0652,C026,723.94,2025-01-03,COMPLETED
O0653,C047,35.9,2025/06/14,REFUNDED
O0654,C013,-199.22,2025-05-08,COMPLETED
O0655,C020,584.57,2025-10-29,COMPLETED
O0656,C003,446.88,2025-09-24,COMPLETED
O0657,C028,1493.28,20250625,PENDING
O0658,C023,259.85,2025-07-26,COMPLETED
O0659,C047,328.62,2025-01-12,COMPLETED
O0660,C008,981.05,2025-01-20,COMPLETED
O0661,C999,87.15,2025-01-25,COMPLETED
O0662,C004,633.91,2025-07-14,COMPLETED
O0663,C031,320.16,2025-12-18,COMPLETED
O0664,C027,998.79,2025-05-19,COMPLETED
O0665,C027,170.8,2025-11-13,COMPLETED
O0666,C999,309.99,2025/04/13,REFUNDED
O0667,C013,623.49,2025-03-24,PENDING
O0668,C014,728.79,2025-05-01,COMPLETED
O0669,C008,1008.5,20250318,REFUNDED
O0670,C005,165.42,2025-05-12,PENDING
O0671,C019,89.37,20250331,COMPLETED
O0672,C024,479.37,2025-03-01,COMPLETED
O0673,C001,1000.08,2025-03-29,PENDING
O0674,C040,1103.61,2025/07/10,COMPLETED
O0675,C008,1444.03,2025/05/20,PENDING
O0676,C027,1198.41,2025-02-27,COMPLETED
O0677,C011,1368.17,2025/09/05,PENDING
O0678,C012,1172.06,2025-11-10,COMPLETED
O0679,C031,182.71,2025-07-30,COMPLETED
O0680,C017,33.35,2025-12-14,REFUNDED
O0681,C047,1467.17,20251209,REFUNDED
O0682,C034,933.08,2025-08-10,COMPLETED
O0683,C031,1019.3,2025-07-17,REFUNDED
O0684,C040,970.45,2025-03-22,PENDING
O0685,C032,126.17,2025-09-09,COMPLETED
O0686,C018,345.72,2025-11-26,COMPLETED
O0687,C006,1204.87,2025-08-18,PENDING
O0688,C029,1471.3,2025-12-01,PENDING
O0689,C027,0,2025-10-09,COMPLETED
O0690,C999,934.31,20250605,REFUNDED
O0691,C014,692.47,2025-06-24,COMPLETED
O0692,C015,507.98,2025-11-14,COMPLETED
O0693,C046,159.69,2025-12-04,COMPLETED
O0694,C023,1447.18,2025-05-30,COMPLETED
O0695,C045,1346.86,2025-09-10,PENDING
O0696,C007,305.94,20250303,PENDING
O0697,C014,1175.41,2025-06-23,PENDING
O0698,C003,1258.64,2025-10-29,PENDING
O0699,C030,1434.94,20250310,COMPLETED
O0700,C034,836.54,2025/08/10,PENDING
O0701,C033,1366.62,2025-12-21,COMPLETED
O0702,C007,906.81,2025-06-14,PENDING
O0703,C027,1375.13,2025-05-08,COMPLETED
O0704,C019,213.06,2025-07-31,REFUNDED
O0705,C020,828.49,2025/06/10,REFUNDED
O0706,C041,326.42,2025-05-29,COMPLETED
O0707,C046,1438.11,2025-09-15,COMPLETED
O0708,C046,538.07,2025-09-03,PENDING
O0709,C044,1264.46,20250527,PENDING
O0710,C001,52.53,2025-03-16,COMPLETED
O0711,C013,1181.52,2025-05-27,COMPLETED
O0712,C004,453.28,2025-10-05,PENDING
O0713,C007,1018.16,20251015,REFUNDED
O0714,C025,1179.7,2025-12-23,COMPLETED
O0715,C025,1435.7,2025-12-17,REFUNDED
O0716,C004,-152.25,20251114,PENDING
O0717,C015,1061.37,2025-11-28,REFUNDED
O0718,C035,306.76,2025-04-10,COMPLETED
O0719,C044,1444.28,2025-09-21,COMPLETED
O0720,C028,407.4,2025-03-24,COMPLETED
O0721,C001,1068.89,2025-03-21,COMPLETED
O0722,C039,1399.59,2025/11/12,COMPLETED
O0723,C032,831.99,2025/02/07,COMPLETED
O0724,C034,288.05,2025/02/04,COMPLETED
O0725,C027,614.07,2025-06-28,COMPLETED
O0726,C043,550.78,20250422,REFUNDED
O0727,C034,848.58,2025-11-29,COMPLETED
O0728,C029,968.76,2025-11-15,COMPLETED
O0729,C044,581.34,2025-02-28,REFUNDED
O0730,C047,1368.33,2025-07-11,REFUNDED
O0731,C029,455.2,2025-11-30,REFUNDED
O0732,C006,263.58,2025-10-03,COMPLETED
O0733,C014,1163.77,2025-12-17,COMPLETED
O0734,C014,1058.57,2025-08-11,COMPLETED
O0735,C048,50.27,2025-06-19,COMPLETED
O0736,C004,389.08,2025-02-06,COMPLETED
O0737,C017,684.92,2025-07-27,COMPLETED
O0738,C025,809.23,2025/11/25,COMPLETED
O0739,C999,82.59,2025-02-07,REFUNDED
O0740,C007,1033.53,2025-11-07,PENDING
O0741,C025,996.17,2025-08-31,COMPLETED
O0742,C009,1198.2,2025-10-07,COMPLETED
O0743,C020,1372.54,2025-11-28,COMPLETED
O0744,C036,224.94,2025-01-22,REFUNDED
O0745,C026,1421.26,2025-06-06,COMPLETED
O0746,C014,974.21,2025-09-20,COMPLETED
O0747,C015,390.32,2025-02-28,REFUNDED
O0748,C004,1399.57,2025-10-09,REFUNDED
O0749,C005,115.03,2025-02-20,REFUNDED
O0750,C032,545.35,2025-12-10,COMPLETED
O0751,C019,1351.68,2025-06-12,COMPLETED
O0752,C040,1044.79,2025-03-20,COMPLETED
O0753,C021,265.43,2025-06-10,COMPLETED
O0754,C046,662.64,2025-07-04,COMPLETED
O0755,C031,547.73,2025-06-06,COMPLETED
O0756,C012,136.73,20250524,COMPLETED
O0757,C035,1104.31,2025-11-17,COMPLETED
O0758,C002,952.97,2025-10-25,REFUNDED
O0759,C014,834.12,20251006,REFUNDED
O0760,C031,235.72,2025-07-20,REFUNDED
O0761,C047,213.81,2025-09-14,PENDING
O0762,C024,999.08,2025-11-11,REFUNDED
O0763,C009,281.03,2025-10-17,COMPLETED
O0764,C048,1409.68,2025-01-21,PENDING
O0765,C015,563.61,2025-01-22,REFUNDED
O0766,C999,712.47,20250821,COMPLETED
O0767,C042,1060.05,2025-09-24,COMPLETED
O0768,C048,823.36,2025-03-31,PENDING
O0769,C024,1348.87,2025-02-09,PENDING
O0770,C015,539.05,2025-06-26,PENDING
O0771,C039,-32.41,2025-08-14,COMPLETED
O0772,C033,329.1,2025-04-06,REFUNDED
O0773,C046,996.75,2025/08/01,COMPLETED
O0774,C031,726.35,2025-10-30,PENDING
O0775,C002,204.91,2025-10-31,REFUNDED
O0776,C003,233.09,2025-03-27,COMPLETED
O0777,C034,905.05,2025-10-16,COMPLETED
O0778,C006,915.69,20250830,COMPLETED
O0779,C015,907.25,2025/10/26,COMPLETED
O0780,C040,407.81,2025-12-18,PENDING
O0781,C039,356.27,2025-07-17,COMPLETED
O0782,C013,1365.37,2025-12-17,COMPLETED
O0783,C039,721.67,2025-11-11,REFUNDED
O0784,C033,153.39,2025-12-04,REFUNDED
O0785,C035,1347,2025-12-14,REFUNDED
O0786,C027,79.51,2025-09-29,PENDING
O0787,C999,535.52,2025-12-23,PENDING
O0788,C009,1152.3,2025-02-12,REFUNDED
O0789,C027,23.12,2025-01-04,COMPLETED
O0790,C034,-75.64,2025/12/19,PENDING
O0791,C024,647.72,2025-10-27,REFUNDED
O0792,C028,923.64,2025-12-15,COMPLETED
O0793,C027,842.98,2025-04-02,REFUNDED
O0794,C031,470.38,2025/06/26,PENDING
O0795,C048,1297.79,2025/03/02,PENDING
O0796,C999,255.27,2025-04-20,COMPLETED
O0797,C036,1031.58,2025-01-27,COMPLETED
O0798,C006,715.43,2025-11-04,COMPLETED
O0799,C017,133.86,2025/01/20,PENDING
O0800,C040,440.41,2025-11-02,COMPLETED
O0801,C041,30.9,20251203,REFUNDED
O0802,C019,1179.18,2025-09-19,COMPLETED
O0803,C040,68.55,2025-05-03,COMPLETED
O0804,C006,1172.81,2025-06-30,PENDING
O0805,C038,37.82,2025-12-27,COMPLETED
O0806,C036,1247.2,2025-10-26,COMPLETED
O0807,C015,303.87,2025-07-26,COMPLETED
O0808,C012,173.1,2025-02-07,COMPLETED
O0809,C008,1435.71,2025/10/03,REFUNDED
O0810,C017,1449.59,2025-10-16,COMPLETED
O0811,C999,1166.76,2025-12-15,REFUNDED
O0812,C002,397.86,2025-07-15,COMPLETED
O0813,C044,1203.24,20250731,REFUNDED
O0814,C035,-41.89,2025-05-08,PENDING
O0815,C044,522.86,20251011,PENDING
O0816,C021,1343.06,2025-05-18,COMPLETED
O0817,C032,363.77,20250504,COMPLETED
O0818,C015,385.8,2025-11-13,COMPLETED
O0819,C008,1018.58,2025-12-06,COMPLETED
O0820,C999,1437.62,2025-09-04,COMPLETED
O0821,C032,1323.27,20251022,PENDING
O0822,C012,1375.27,2025-05-24,REFUNDED
O0823,C009,1201.92,20250902,COMPLETED
O0824,C033,1292.69,2025-03-31,COMPLETED
O0825,C045,483.74,2025-01-05,COMPLETED
O0826,C025,498.27,20251110,COMPLETED
O0827,C036,415.07,2025-11-10,COMPLETED
O0828,C032,637.35,2025-07-10,PENDING
O0829,C018,863.54,2025-10-22,COMPLETED
O0830,C047,365.17,20250810,COMPLETED
O0831,C010,1111.73,2025/08/31,COMPLETED
O0832,C027,1493.41,2025-11-19,COMPLETED
O0833,C999,387.7,2025-10-18,COMPLETED
O0834,C045,334.97,2025-05-11,COMPLETED
O0835,C029,400.76,2025-07-04,COMPLETED
O0836,C023,-176.96,20251214,COMPLETED
O0837,C037,978.96,20250331,COMPLETED
O0838,C023,773.01,20250817,PENDING
O0839,C040,953.09,20250316,COMPLETED
O0840,C027,863.88,2025-02-06,COMPLETED
O0841,C015,984.72,2025-12-30,PENDING
O0842,C018,1174.75,2025/07/05,REFUNDED
O0843,C029,288.07,2025-01-12,COMPLETED
O0844,C043,1119.65,2025-02-10,PENDING
O0845,C007,1406.14,2025-08-31,COMPLETED
O0846,C999,1151.02,2025-02-12,REFUNDED
O0847,C010,1398.41,2025-07-19,COMPLETED
O0848,C048,945.32,2025-03-09,COMPLETED
O0849,C002,0,20250702,COMPLETED
O0850,C031,1308.28,2025-05-20,COMPLETED
O0851,C045,892.38,2025-08-22,REFUNDED
O0852,C028,964.7,20250608,PENDING
O0853,C035,147.99,2025-06-07,COMPLETED
O0854,C010,15.14,2025-03-11,PENDING
O0855,C035,-24.8,2025-09-02,PENDING
O0856,C019,1198.2,2025-10-08,PENDING
O0857,C036,386.1,2025-11-27,PENDING
O0858,C015,642.03,2025-05-03,REFUNDED
O0859,C045,437.75,2025/09/30,PENDING
O0860,C013,285.87,2025-05-29,PENDING
O0861,C040,1055.2,2025-09-09,COMPLETED
O0862,C010,0,2025-10-01,COMPLETED
O0863,C019,1077.07,2025-01-05,COMPLETED
O0864,C001,522.74,2025/06/09,PENDING
O0865,C024,1190.27,2025-06-19,COMPLETED
O0866,C004,597.75,2025-10-06,COMPLETED
O0867,C017,1244.95,20250304,COMPLETED
O0868,C025,672.8,2025-01-18,COMPLETED
O0869,C034,324.54,2025-07-19,COMPLETED
O0870,C021,1096.43,2025-10-09,COMPLETED
O0871,C031,310.1,20250127,COMPLETED
O0872,C008,659.73,2025-01-08,COMPLETED
O0873,C038,1186.88,20250105,REFUNDED
O0874,C999,1037.28,2025-03-21,COMPLETED
O0875,C016,150.73,2025-11-13,COMPLETED
O0876,C004,243.57,2025/10/02,COMPLETED
O0877,C032,1472.79,2025/11/27,PENDING
O0878,C047,1038.54,2025/07/03,COMPLETED
O0879,C003,664.69,2025-05-31,PENDING
O0880,C013,822.28,2025/06/15,COMPLETED
O0881,C039,838.46,2025-02-05,PENDING
O0882,C019,819.28,2025-08-21,REFUNDED
O0883,C025,1326.15,20251114,REFUNDED
O0884,C016,109.06,2025/10/03,COMPLETED
O0885,C034,1152.12,2025-03-20,COMPLETED
O0886,C027,179.04,2025-09-25,COMPLETED
O0887,C009,61.44,2025-02-24,COMPLETED
O0888,C003,1256.9,2025-12-03,REFUNDED
O0889,C045,87.89,2025-04-24,COMPLETED
O0890,C001,324.98,20250909,COMPLETED
O0891,C030,105.14,2025/10/13,PENDING
O0892,C024,101.58,2025-11-12,COMPLETED
O0893,C047,466.3,20250421,COMPLETED
O0894,C007,804.52,2025-04-08,COMPLETED
O0895,C037,280.66,2025-10-13,COMPLETED
O0896,C999,546.58,2025/08/23,PENDING
O0897,C007,282.89,2025-07-25,COMPLETED
O0898,C035,672.87,20250630,REFUNDED
O0899,C021,627.33,2025-11-21,COMPLETED
O0900,C039,825.25,2025/07/12,COMPLETED
O0901,C024,679.54,2025-07-23,COMPLETED
O0902,C019,783.65,2025-06-04,COMPLETED
O0903,C014,47.23,2025/12/20,REFUNDED
O0904,C033,1389.99,2025-03-21,PENDING
O0905,C023,408.51,2025-10-26,COMPLETED
O0906,C020,608.7,2025/04/22,COMPLETED
O0907,C999,740.09,2025/12/20,COMPLETED
O0908,C039,70.5,2025-10-23,COMPLETED
O0909,C999,1321.49,2025-08-11,COMPLETED
O0910,C999,984.38,20251105,PENDING
O0911,C004,76.16,2025-10-04,COMPLETED
O0912,C033,242.5,2025/12/11,PENDING
O0913,C029,869.25,2025-02-16,COMPLETED
O0914,C999,211.3,2025-02-12,COMPLETED
O0915,C036,141.34,2025-09-14,COMPLETED
O0916,C999,845.55,2025-09-07,REFUNDED
O0917,C013,1495.66,2025-09-26,COMPLETED
O0918,C018,495.27,2025-10-22,PENDING
O0919,C028,297.88,2025-06-26,COMPLETED
O0920,C999,1481.66,2025/11/12,PENDING
O0921,C040,81.64,2025-04-30,COMPLETED
O0922,C010,1281.35,2025/02/27,COMPLETED
O0923,C040,1305.1,2025-05-28,COMPLETED
O0924,C020,48.78,2025/04/18,COMPLETED
O0925,C014,1129.28,2025-10-08,COMPLETED
O0926,C045,42.31,20251026,REFUNDED
O0927,C003,104.26,2025/04/13,REFUNDED
O0928,C018,987.32,2025-01-05,COMPLETED
O0929,C043,995.25,2025-02-25,PENDING
O0930,C015,770.18,2025-12-30,COMPLETED
O0931,C032,804.37,2025-04-06,PENDING
O0932,C036,46.91,20250507,COMPLETED
O0933,C022,1120.42,2025-01-10,COMPLETED
O0934,C023,365.76,2025-09-14,COMPLETED
O0935,C041,589.95,20250116,COMPLETED
O0936,C015,1347.31,2025-12-03,PENDING
O0937,C034,924.49,2025-11-17,PENDING
O0938,C016,648.3,20250609,COMPLETED
O0939,C029,322.03,2025-03-12,COMPLETED
O0940,C009,1062.13,20250926,PENDING
O0941,C999,1400.55,2025-03-22,REFUNDED
O0942,C035,190.81,2025/06/12,COMPLETED
O0943,C047,-139.45,20250731,COMPLETED
O0944,C029,1235.22,20251123,COMPLETED
O0945,C010,173.56,2025-04-05,REFUNDED
O0946,C040,857.06,2025-04-29,COMPLETED
O0947,C044,-184.9,2025-09-02,REFUNDED
O0948,C031,570.33,2025-07-18,COMPLETED
O0949,C011,62.86,20250108,PENDING
O0950,C015,1482.54,2025-04-15,PENDING
O0951,C040,497.47,20250823,PENDING
O0952,C026,917.78,2025/07/14,PENDING
O0953,C040,864.32,2025-10-02,COMPLETED
O0954,C034,693.5,20250122,COMPLETED
O0955,C034,1475.99,2025-01-21,REFUNDED
O0956,C999,88.2,2025-05-30,COMPLETED
O0957,C999,700.1,2025-08-05,COMPLETED
O0958,C045,226.23,2025-11-27,REFUNDED
O0959,C008,884.39,2025-12-23,PENDING
O0960,C027,51.99,2025-08-21,COMPLETED
O0961,C030,496.25,20251129,COMPLETED
O0962,C046,150.42,2025-12-28,COMPLETED
O0963,C006,585.37,2025-09-19,COMPLETED
O0964,C025,80.2,20250329,REFUNDED
O0965,C043,255.75,2025-03-16,COMPLETED
O0966,C027,1099.29,2025-08-17,COMPLETED
O0967,C008,1441.24,2025-01-02,COMPLETED
O0968,C001,1285.29,2025/10/06,REFUNDED
O0969,C032,889.46,2025-09-01,PENDING
O0970,C006,24.76,2025-10-08,REFUNDED
O0971,C014,0,2025-03-17,COMPLETED
O0972,C003,63.16,2025/10/23,COMPLETED
O0973,C022,87.81,20250802,COMPLETED
O0974,C044,996.47,2025-12-25,REFUNDED
O0975,C012,1127.76,20250704,COMPLETED
O0976,C999,562.33,2025/07/14,PENDING
O0977,C036,714.16,2025-03-04,COMPLETED
O0978,C022,794.1,2025-12-23,COMPLETED
O0979,C007,1469.33,20250928,PENDING
O0980,C047,1401.83,2025-12-28,REFUNDED
O0981,C021,869.09,2025-11-16,COMPLETED
O0982,C040,786.76,2025-11-20,COMPLETED
O0983,C040,446.37,2025-04-10,COMPLETED
O0984,C030,190.12,2025/04/17,PENDING
O0985,C027,0,2025-06-29,COMPLETED
O0986,C001,1039.68,2025/05/11,COMPLETED
O0987,C020,496.03,2025-01-04,COMPLETED
O0988,C022,859.85,2025/01/15,COMPLETED
O0989,C022,1384.59,20250903,COMPLETED
O0990,C042,245.75,20250824,REFUNDED
O0991,C022,1224.04,2025/01/29,COMPLETED
O0992,C037,483.52,2025-10-02,REFUNDED
O0993,C044,1375.54,2025-07-01,COMPLETED
O0994,C018,518.64,2025-07-12,COMPLETED
O0995,C037,293.26,20250301,COMPLETED
O0996,C046,1069.11,2025-05-20,PENDING
O0997,C016,1246.74,2025-06-04,COMPLETED
O0998,C012,1180.64,20250414,PENDING
O0999,C033,-108.29,2025-09-14,COMPLETED
O1000,C031,792.59,2025-06-17,COMPLETED
